{
  "law_name": "newton",
  "condition": "anon",
  "budget": 800,
  "seed": 1,
  "best_test_error": 8.758461010057814e-18,
  "error_trace": [
    [
      8,
      0.27146597289185237
    ],
    [
      12,
      0.27146597289185237
    ],
    [
      17,
      0.27146597289185237
    ],
    [
      24,
      0.27146597289185237
    ],
    [
      29,
      0.27146597289185237
    ],
    [
      30,
      0.27146597289185237
    ],
    [
      35,
      0.27146597289185237
    ],
    [
      40,
      0.27146597289185237
    ],
    [
      44,
      0.2395945259586312
    ],
    [
      49,
      0.2395945259586312
    ],
    [
      54,
      0.2395945259586312
    ],
    [
      58,
      0.2395945259586312
    ],
    [
      59,
      0.2395945259586312
    ],
    [
      62,
      0.1314987217685894
    ],
    [
      66,
      0.1314987217685894
    ],
    [
      67,
      0.1314987217685894
    ],
    [
      68,
      0.1314987217685894
    ],
    [
      71,
      0.031595880220151785
    ],
    [
      72,
      0.031595880220151785
    ],
    [
      76,
      0.030719557751151427
    ],
    [
      81,
      0.030719557751151427
    ],
    [
      84,
      0.030719557751151427
    ],
    [
      88,
      0.030719557751151427
    ],
    [
      93,
      0.030719557751151427
    ],
    [
      97,
      0.030719557751151427
    ],
    [
      102,
      0.030719557751151427
    ],
    [
      107,
      0.030719557751151427
    ],
    [
      112,
      0.030719557751151427
    ],
    [
      116,
      0.030719557751151427
    ],
    [
      117,
      0.030719557751151427
    ],
    [
      122,
      0.030719557751151427
    ],
    [
      127,
      0.030719557751151427
    ],
    [
      131,
      0.030719557751151427
    ],
    [
      134,
      0.030719557751151427
    ],
    [
      138,
      0.030719557751151427
    ],
    [
      142,
      0.030719557751151427
    ],
    [
      147,
      0.030719557751151427
    ],
    [
      151,
      0.030719557751151427
    ],
    [
      155,
      0.030302427290783435
    ],
    [
      159,
      0.030302427290783435
    ],
    [
      163,
      0.030302427290783435
    ],
    [
      167,
      0.030302427290783435
    ],
    [
      171,
      0.030302427290783435
    ],
    [
      176,
      0.030302427290783435
    ],
    [
      177,
      0.030302427290783435
    ],
    [
      181,
      0.030302427290783435
    ],
    [
      186,
      0.030302427290783435
    ],
    [
      190,
      0.030302427290783435
    ],
    [
      195,
      0.030302427290783435
    ],
    [
      200,
      0.030302427290783435
    ],
    [
      205,
      0.030302427290783435
    ],
    [
      209,
      0.030302427290783435
    ],
    [
      210,
      0.030302427290783435
    ],
    [
      211,
      0.030302427290783435
    ],
    [
      214,
      0.030302427290783435
    ],
    [
      218,
      0.030302427290783435
    ],
    [
      223,
      0.030302427290783435
    ],
    [
      228,
      0.030302427290783435
    ],
    [
      231,
      0.030302427290783435
    ],
    [
      236,
      0.030302427290783435
    ],
    [
      240,
      0.030302427290783435
    ],
    [
      244,
      8.758461010057814e-18
    ],
    [
      248,
      8.758461010057814e-18
    ],
    [
      252,
      8.758461010057814e-18
    ],
    [
      255,
      8.758461010057814e-18
    ]
  ],
  "best_code": "N_PARAMS = 7\ndef evaluate_law(inputs, params):\n    x = inputs[0]\n    y = inputs[1]\n    z = inputs[2]\n    numerator = params[0] * x + params[1] * y + params[2] * z + params[3] * x * y\n    denominator = params[4] * z + params[5] * y + params[6] * z * z\n    return numerator / (denominator + 1e-8)",
  "total_prompt_tokens": 66374,
  "total_completion_tokens": 29717,
  "token_trace": [
    [
      8,
      612
    ],
    [
      12,
      968
    ],
    [
      17,
      1413
    ],
    [
      24,
      2045
    ],
    [
      29,
      2491
    ],
    [
      30,
      2590
    ],
    [
      35,
      3068
    ],
    [
      40,
      3592
    ],
    [
      44,
      3989
    ],
    [
      49,
      4449
    ],
    [
      54,
      4999
    ],
    [
      58,
      5447
    ],
    [
      59,
      5531
    ],
    [
      62,
      5805
    ],
    [
      66,
      6123
    ],
    [
      67,
      6223
    ],
    [
      68,
      6329
    ],
    [
      71,
      6708
    ],
    [
      72,
      6818
    ],
    [
      76,
      7293
    ],
    [
      81,
      7833
    ],
    [
      84,
      8202
    ],
    [
      88,
      8622
    ],
    [
      93,
      9077
    ],
    [
      97,
      9568
    ],
    [
      102,
      10094
    ],
    [
      107,
      10553
    ],
    [
      112,
      11156
    ],
    [
      116,
      11655
    ],
    [
      117,
      11794
    ],
    [
      122,
      12535
    ],
    [
      127,
      13172
    ],
    [
      131,
      13719
    ],
    [
      134,
      14087
    ],
    [
      138,
      14606
    ],
    [
      142,
      15211
    ],
    [
      147,
      15882
    ],
    [
      151,
      16398
    ],
    [
      155,
      16878
    ],
    [
      159,
      17374
    ],
    [
      163,
      17839
    ],
    [
      167,
      18152
    ],
    [
      171,
      18721
    ],
    [
      176,
      19425
    ],
    [
      177,
      19567
    ],
    [
      181,
      19965
    ],
    [
      186,
      20567
    ],
    [
      190,
      21093
    ],
    [
      195,
      21652
    ],
    [
      200,
      22374
    ],
    [
      205,
      23115
    ],
    [
      209,
      23805
    ],
    [
      210,
      23909
    ],
    [
      211,
      24044
    ],
    [
      214,
      24424
    ],
    [
      218,
      24930
    ],
    [
      223,
      25464
    ],
    [
      228,
      26187
    ],
    [
      231,
      26615
    ],
    [
      236,
      27229
    ],
    [
      240,
      27780
    ],
    [
      244,
      28271
    ],
    [
      248,
      28793
    ],
    [
      252,
      29202
    ],
    [
      255,
      29717
    ]
  ],
  "fitted_params": [
    -0.00025332923320650126,
    1.514226416356392e-05,
    -1.901086239377895e-05,
    5616.109057917503,
    -5.553036959413215e-05,
    5.680120259432858e-06,
    5616.109042690921
  ],
  "true_law_str": "Y = G * A * B / C**2  (G=1.0)"
}