{
  "law_name": "newton",
  "condition": "anon",
  "budget": 800,
  "seed": 2,
  "best_test_error": 1.2077275757373898e-17,
  "error_trace": [
    [
      1,
      0.5560201115727085
    ],
    [
      6,
      0.3575305649899852
    ],
    [
      11,
      0.32316501200906605
    ],
    [
      16,
      0.2869499058071032
    ],
    [
      21,
      0.2869499058071032
    ],
    [
      22,
      0.2869499058071032
    ],
    [
      26,
      0.2869499058071032
    ],
    [
      31,
      0.2869499058071032
    ],
    [
      35,
      0.2869499058071032
    ],
    [
      40,
      0.2869499058071032
    ],
    [
      45,
      0.2869499058071032
    ],
    [
      50,
      0.2869499058071032
    ],
    [
      53,
      0.2869499058071032
    ],
    [
      58,
      0.2697756822686395
    ],
    [
      62,
      0.2697756822686395
    ],
    [
      67,
      0.2697756822686395
    ],
    [
      70,
      0.2697756822686395
    ],
    [
      71,
      0.2697756822686395
    ],
    [
      76,
      0.26977561752097595
    ],
    [
      80,
      0.26977561752097595
    ],
    [
      85,
      0.2697755803339282
    ],
    [
      90,
      0.2697755803339282
    ],
    [
      95,
      0.24979798994107183
    ],
    [
      100,
      0.24979798994107183
    ],
    [
      104,
      0.24979798994107183
    ],
    [
      109,
      0.24979798994107183
    ],
    [
      114,
      0.24979798994107183
    ],
    [
      115,
      0.24979798994107183
    ],
    [
      120,
      0.24979798994107183
    ],
    [
      121,
      0.24979798994107183
    ],
    [
      125,
      0.24979798994107183
    ],
    [
      128,
      0.24979798994107183
    ],
    [
      133,
      0.10423643461565478
    ],
    [
      137,
      0.10423643461565478
    ],
    [
      142,
      0.10423643461565478
    ],
    [
      147,
      0.10423643461565478
    ],
    [
      152,
      0.10423643461565478
    ],
    [
      157,
      0.10423643461565478
    ],
    [
      162,
      0.10423643461565478
    ],
    [
      167,
      0.10423643461565478
    ],
    [
      171,
      0.10423643461565478
    ],
    [
      174,
      0.10423643461565478
    ],
    [
      178,
      0.10423643461565478
    ],
    [
      183,
      0.06529962000459556
    ],
    [
      188,
      0.06529962000459556
    ],
    [
      193,
      0.06529962000459556
    ],
    [
      198,
      0.06529962000459556
    ],
    [
      199,
      0.06529962000459556
    ],
    [
      203,
      0.06529962000459556
    ],
    [
      208,
      0.06529962000459556
    ],
    [
      213,
      0.06529962000459556
    ],
    [
      218,
      0.06529962000459556
    ],
    [
      223,
      0.06529962000459556
    ],
    [
      228,
      0.06529962000459556
    ],
    [
      233,
      0.06529962000459556
    ],
    [
      238,
      0.06529962000459556
    ],
    [
      243,
      0.06529962000459556
    ],
    [
      248,
      0.06529962000459556
    ],
    [
      252,
      0.03628983223157976
    ],
    [
      257,
      0.03628983223157976
    ],
    [
      262,
      0.03628983223157976
    ],
    [
      267,
      0.03515423165618549
    ],
    [
      272,
      0.03515423165618549
    ],
    [
      273,
      0.03515423165618549
    ],
    [
      277,
      0.03515423165618549
    ],
    [
      282,
      0.03515423165618549
    ],
    [
      287,
      0.03515423165618549
    ],
    [
      288,
      0.03515423165618549
    ],
    [
      293,
      0.03515423165618549
    ],
    [
      298,
      0.02646474355358431
    ],
    [
      299,
      0.02646474355358431
    ],
    [
      303,
      0.02646474355358431
    ],
    [
      307,
      0.02646474355358431
    ],
    [
      312,
      0.02646474355358431
    ],
    [
      316,
      0.02646474355358431
    ],
    [
      319,
      0.02646474355358431
    ],
    [
      323,
      0.02646474355358431
    ],
    [
      328,
      0.02646474355358431
    ],
    [
      333,
      0.02646474355358431
    ],
    [
      338,
      0.02646474355358431
    ],
    [
      343,
      0.02646474355358431
    ],
    [
      348,
      0.02646474355358431
    ],
    [
      353,
      0.02646474355358431
    ],
    [
      358,
      0.02646474355358431
    ],
    [
      363,
      0.02646474355358431
    ],
    [
      368,
      0.02646474355358431
    ],
    [
      372,
      0.02646474355358431
    ],
    [
      377,
      0.02646474355358431
    ],
    [
      382,
      0.02646474355358431
    ],
    [
      386,
      0.02646474355358431
    ],
    [
      389,
      0.02646474355358431
    ],
    [
      390,
      0.02646474355358431
    ],
    [
      394,
      0.02584715388653902
    ],
    [
      399,
      0.02584715388653902
    ],
    [
      404,
      0.02584715388653902
    ],
    [
      409,
      0.020476971087823734
    ],
    [
      414,
      0.020476971087823734
    ],
    [
      419,
      0.020476971087823734
    ],
    [
      424,
      0.0077009749967829715
    ],
    [
      425,
      0.0077009749967829715
    ],
    [
      430,
      0.0077009749967829715
    ],
    [
      434,
      0.0077009749967829715
    ],
    [
      439,
      0.0077009749967829715
    ],
    [
      443,
      0.0077009749967829715
    ],
    [
      448,
      0.0077009749967829715
    ],
    [
      452,
      0.0077009749967829715
    ],
    [
      457,
      0.0077009749967829715
    ],
    [
      462,
      0.0077009749967829715
    ],
    [
      467,
      0.0077009749967829715
    ],
    [
      472,
      0.0077009749967829715
    ],
    [
      477,
      0.0077009749967829715
    ],
    [
      482,
      0.0077009749967829715
    ],
    [
      486,
      0.0077009749967829715
    ],
    [
      490,
      0.0077009749967829715
    ],
    [
      494,
      0.0077009749967829715
    ],
    [
      497,
      0.0077009749967829715
    ],
    [
      502,
      1.2077275757373898e-17
    ],
    [
      505,
      1.2077275757373898e-17
    ],
    [
      506,
      1.2077275757373898e-17
    ],
    [
      510,
      1.2077275757373898e-17
    ]
  ],
  "best_code": "N_PARAMS = 7\ndef evaluate_law(inputs, params):\n    x, y, z = inputs[0], inputs[1], inputs[2]\n    numerator = params[0] * x + params[1] * y + params[2] * z + params[3] * x * y\n    denominator = 1 + params[4] * x + params[5] * y + params[6] * z**2\n    return numerator / denominator",
  "total_prompt_tokens": 123222,
  "total_completion_tokens": 60387,