{
  "law_name": "kepler",
  "condition": "anon",
  "budget": 300,
  "seed": 1,
  "best_test_error": 6.470081696191014e-19,
  "error_trace": [
    [
      1,
      0.01283316557207402
    ],
    [
      6,
      0.0001106312725258542
    ],
    [
      11,
      5.171780520853596e-05
    ],
    [
      16,
      5.171780520853596e-05
    ],
    [
      24,
      5.1717804357110445e-05
    ],
    [
      29,
      5.1717804357110445e-05
    ],
    [
      34,
      3.783496936951695e-06
    ],
    [
      39,
      3.783496936951695e-06
    ],
    [
      44,
      3.783496936951695e-06
    ],
    [
      49,
      3.783496936951695e-06
    ],
    [
      54,
      3.783496936951695e-06
    ],
    [
      59,
      3.783496936951695e-06
    ],
    [
      64,
      3.783496936951695e-06
    ],
    [
      69,
      3.783496936951695e-06
    ],
    [
      73,
      3.783496936951695e-06
    ],
    [
      78,
      4.444706913395009e-18
    ],
    [
      83,
      6.470081696191014e-19
    ],
    [
      88,
      6.470081696191014e-19
    ],
    [
      92,
      6.470081696191014e-19
    ]
  ],
  "best_code": "N_PARAMS = 3\ndef evaluate_law(inputs, params):\n    x = inputs[0]\n    return params[0] * x**2 + params[1] * x**1.5 + params[2]",
  "total_prompt_tokens": 13288,
  "total_completion_tokens": 4926,
  "token_trace": [
    [
      1,
      39
    ],
    [
      6,
      276
    ],
    [
      11,
      526
    ],
    [
      16,
      775
    ],
    [
      24,
      1168
    ],
    [
      29,
      1416
    ],
    [
      34,
      1688
    ],
    [
      39,
      1893
    ],
    [
      44,
      2165
    ],
    [
      49,
      2466
    ],
    [
      54,
      2742
    ],
    [
      59,
      3031
    ],
    [
      64,
      3327
    ],
    [
      69,
      3617
    ],
    [
      73,
      3837
    ],
    [
      78,
      4115
    ],
    [
      83,
      4391
    ],
    [
      88,
      4682
    ],
    [
      92,
      4926
    ]
  ],
  "fitted_params": [
    4.83512156865028e-09,
    0.9999999832776415,
    5.8810869685083276e-08
  ],
  "true_law_str": "Y = 1.0 * X**1.5"
}