{
  "law_name": "kepler",
  "condition": "priors",
  "budget": 300,
  "seed": 1,
  "best_test_error": 0.0,
  "error_trace": [
    [
      6,
      9.989056965237447e-32
    ],
    [
      7,
      9.989056965237447e-32
    ],
    [
      8,
      9.989056965237447e-32
    ],
    [
      13,
      0.0
    ],
    [
      17,
      0.0
    ],
    [
      22,
      0.0
    ],
    [
      27,
      0.0
    ]
  ],
  "best_code": "N_PARAMS = 2\ndef evaluate_law(inputs, params):\n    x = inputs[0]\n    return params[0] * (x ** params[1])",
  "total_prompt_tokens": 4799,
  "total_completion_tokens": 1309,
  "token_trace": [
    [
      6,
      288
    ],
    [
      7,
      339
    ],
    [
      8,
      390
    ],
    [
      13,
      621
    ],
    [
      17,
      819
    ],
    [
      22,
      1072
    ],
    [
      27,
      1309
    ]
  ],
  "fitted_params": [
    1.0,
    1.5
  ],
  "true_law_str": "Y = 1.0 * X**1.5"
}