{
  "law_name": "rocket",
  "condition": "anon",
  "budget": 800,
  "seed": 2,
  "best_test_error": 6.279834511749538e-08,
  "error_trace": [
    [
      10,
      0.021293562027006923
    ],
    [
      15,
      0.021293562027006923
    ],
    [
      16,
      0.021293562027006923
    ],
    [
      21,
      0.009929956362304938
    ],
    [
      25,
      0.007935251302273197
    ],
    [
      28,
      0.007935251302273197
    ],
    [
      33,
      0.007935251302273197
    ],
    [
      38,
      0.00793524928939134
    ],
    [
      43,
      0.00793524928939134
    ],
    [
      47,
      0.00793524928939134
    ],
    [
      52,
      6.279834511749538e-08
    ],
    [
      53,
      6.279834511749538e-08
    ],
    [
      58,
      6.279834511749538e-08
    ],
    [
      63,
      6.279834511749538e-08
    ]
  ],
  "best_code": "N_PARAMS = 6\ndef evaluate_law(inputs, params):\n    x = inputs[0]\n    y = inputs[1]\n    return params[0] * x**params[1] * y**params[2] + params[3] * y + params[4] + params[5] * x",
  "total_prompt_tokens": 12548,
  "total_completion_tokens": 4665,
  "token_trace": [
    [
      10,
      600
    ],
    [
      15,
      865
    ],
    [
      16,
      942
    ],
    [
      21,
      1322
    ],
    [
      25,
      1671
    ],
    [
      28,
      1885
    ],
    [
      33,
      2312
    ],
    [
      38,
      2707
    ],
    [
      43,
      3105
    ],
    [
      47,
      3442
    ],
    [
      52,
      3764
    ],
    [
      53,
      3844
    ],
    [
      58,
      4249
    ],
    [
      63,
      4665
    ]
  ],
  "fitted_params": [
    924.6709682135664,
    0.999999785887518,
    0.0010801811921315938,
    -0.0003643937550368522,
    0.0007686045846788747,
    -924.6700347101124
  ],
  "true_law_str": "delta_v = v_e * ln(mass_ratio)  (Tsiolkovsky)"
}