{
  "law_name": "rocket",
  "condition": "anon",
  "budget": 800,
  "seed": 0,
  "best_test_error": 5.380632504808835e-18,
  "error_trace": [
    [
      8,
      0.02964190212308497
    ],
    [
      13,
      0.02964190178970511
    ],
    [
      18,
      0.0019391118508746204
    ],
    [
      22,
      0.0019391118508746204
    ],
    [
      26,
      0.0019391118508746204
    ],
    [
      31,
      0.0019391118508746204
    ],
    [
      36,
      0.0019391118508746204
    ],
    [
      41,
      0.0019391118508746204
    ],
    [
      42,
      0.0019391118508746204
    ],
    [
      47,
      0.0019391118508746204
    ],
    [
      52,
      0.0009551687016701213
    ],
    [
      53,
      0.0009551687016701213
    ],
    [
      57,
      0.00047115502341028127
    ],
    [
      62,
      0.00047115502341028127
    ],
    [
      67,
      0.00047115502341028127
    ],
    [
      72,
      0.00047115502341028127
    ],
    [
      76,
      0.00047115502341028127
    ],
    [
      81,
      0.00047115502341028127
    ],
    [
      86,
      0.00047115502341028127
    ],
    [
      90,
      0.00047115502341028127
    ],
    [
      95,
      0.00047115502341028127
    ],
    [
      96,
      0.00047115502341028127
    ],
    [
      101,
      0.00047115502341028127
    ],
    [
      105,
      0.00047115502341028127
    ],
    [
      110,
      0.00047115502341028127
    ],
    [
      114,
      0.0001646245436302204
    ],
    [
      119,
      5.380632504808835e-18
    ],
    [
      124,
      5.380632504808835e-18
    ],
    [
      125,
      5.380632504808835e-18
    ],
    [
      129,
      5.380632504808835e-18
    ]
  ],
  "best_code": "N_PARAMS = 6\ndef evaluate_law(inputs, params):\n    x = inputs[0]\n    y = inputs[1]\n    import math\n    return params[0] * x * y + params[1] * x + params[2] * y + params[3] * math.log(x + 1e-8) + params[4] * math.log(y + 1e-8) + params[5] * x * math.log(y + 1e-8)",
  "total_prompt_tokens": 29122,
  "total_completion_tokens": 11749,
  "token_trace": [
    [
      8,
      483
    ],
    [
      13,
      740
    ],
    [
      18,
      1108
    ],
    [
      22,
      1411
    ],
    [
      26,
      1770
    ],
    [
      31,
      2131
    ],
    [
      36,
      2552
    ],
    [
      41,
      2977
    ],
    [
      42,
      3049
    ],
    [
      47,
      3525
    ],
    [
      52,
      3978
    ],
    [
      53,
      4085
    ],
    [
      57,
      4500
    ],
    [
      62,
      4832
    ],
    [
      67,
      5334
    ],
    [
      72,
      5824
    ],
    [
      76,
      6288
    ],
    [
      81,
      6808
    ],
    [
      86,
      7276
    ],
    [
      90,
      7688
    ],
    [
      95,
      8191
    ],
    [
      96,
      8298
    ],
    [
      101,
      8803
    ],
    [
      105,
      9240
    ],
    [
      110,
      9798
    ],
    [
      114,
      10235
    ],
    [
      119,
      10737
    ],
    [
      124,
      11214
    ],
    [
      125,
      11330
    ],
    [
      129,
      11749
    ]
  ],
  "fitted_params": [
    -2.1551490152400182e-09,
    -2.0518085377604667e-08,
    -8.538609217875607e-09,
    3.6144000323667405e-08,
    2.5553705056151254e-08,
    1.00000001376298
  ],
  "true_law_str": "delta_v = v_e * ln(mass_ratio)  (Tsiolkovsky)"
}