{
  "law_name": "rocket",
  "condition": "anon",
  "budget": 800,
  "seed": 1,
  "best_test_error": 1.688802331965985e-17,
  "error_trace": [
    [
      10,
      0.0415944496947832
    ],
    [
      15,
      0.009262919137865899
    ],
    [
      20,
      0.009262919137865899
    ],
    [
      21,
      0.009262919137865899
    ],
    [
      26,
      0.009262919137865899
    ],
    [
      31,
      0.009262919137865899
    ],
    [
      36,
      0.009262919137865899
    ],
    [
      41,
      0.008789661147919068
    ],
    [
      46,
      0.008789661147919068
    ],
    [
      51,
      0.008789661147919068
    ],
    [
      55,
      0.008789661147919068
    ],
    [
      56,
      0.008789661147919068
    ],
    [
      61,
      0.008789661147919068
    ],
    [
      66,
      0.008789661147919068
    ],
    [
      71,
      0.008789661147919068
    ],
    [
      75,
      0.008789661147919068
    ],
    [
      80,
      0.008789661147919068
    ],
    [
      85,
      0.008789661147919068
    ],
    [
      89,
      0.008789661147919068
    ],
    [
      90,
      0.006984431168941946
    ],
    [
      95,
      0.006513510980182114
    ],
    [
      100,
      0.005435380965399626
    ],
    [
      104,
      0.005435380965399626
    ],
    [
      110,
      0.005435380965399626
    ],
    [
      115,
      0.005435380965399626
    ],
    [
      120,
      1.688802331965985e-17
    ],
    [
      125,
      1.688802331965985e-17
    ],
    [
      130,
      1.688802331965985e-17
    ],
    [
      135,
      1.688802331965985e-17
    ]
  ],
  "best_code": "N_PARAMS = 6\ndef evaluate_law(inputs, params):\n    x = inputs[0]\n    y = inputs[1]\n    return params[0] * x + params[1] * y + params[2] * math.sqrt(x * y) + params[3] * math.exp(-x) + params[4] * math.log(y + 1e-8) + params[5] * x * math.log(y + 1e-8)",
  "total_prompt_tokens": 26037,
  "total_completion_tokens": 9752,
  "token_trace": [
    [
      10,
      568
    ],
    [
      15,
      890
    ],
    [
      20,
      1233
    ],
    [
      21,
      1302
    ],
    [
      26,
      1655
    ],
    [
      31,
      1979
    ],
    [
      36,
      2336
    ],
    [
      41,
      2661
    ],
    [
      46,
      3003
    ],
    [
      51,
      3349
    ],
    [
      55,
      3643
    ],
    [
      56,
      3720
    ],
    [
      61,
      4061
    ],
    [
      66,
      4421
    ],
    [
      71,
      4759
    ],
    [
      75,
      5165
    ],
    [
      80,
      5546
    ],
    [
      85,
      5909
    ],
    [
      89,
      6199
    ],
    [
      90,
      6285
    ],
    [
      95,
      6699
    ],
    [
      100,
      7115
    ],
    [
      104,
      7435
    ],
    [
      110,
      7924
    ],
    [
      115,
      8327
    ],
    [
      120,
      8641
    ],
    [
      125,
      9071
    ],
    [
      130,
      9453
    ],
    [
      135,
      9752
    ]
  ],
  "fitted_params": [
    -9.685079707620179e-09,
    -1.5593243979113022e-08,
    -1.5529290578003533e-08,
    1.310324610606699e-07,
    6.565098764910966e-08,
    1.0000000111890108
  ],
  "true_law_str": "delta_v = v_e * ln(mass_ratio)  (Tsiolkovsky)"
}